<?xml version="1.0" encoding="UTF-8" ?>
<module>
    <name>mobytic_add_product_custom_img</name>
    <displayName><![CDATA[Add Custom Background in Product Page]]></displayName>
    <version><![CDATA[1.0.0]]></version>
    <description><![CDATA[Allow to chose background image for each product page]]></description>
    <author><![CDATA[Mobytic]]></author>
    <tab><![CDATA[front_office_features]]></tab>
	<confirmUninstall><![CDATA[]]></confirmUninstall>
    <is_configurable>1</is_configurable>
    <need_instance>0</need_instance>
	<limited_countries></limited_countries>
</module>